B2.1.4  Total Provincial Operating Funding,B2.1.1  Public Library Operating Grant (PLOG),B5.0  Total Operating Expenditures,B4.02.1  Total funds (not including employee benefits),"B4.04  Facilities/Utilities (Costs related to library facility operation, e.g. insurance, rent, lighting, maintenance, etc.)","B4.01.2  Electronic (e.g. electronic subscriptions and other databases, downloadable media, gaming  software, Playaway, DVDs, and e-resources)",P2.2  Resident Households Served,C0.2.T  Total Print Volumes Held,D1.1.1.C  Librarians,"G1.1.2.W  All circulation for E-books, downloadable audio books, music and video ","E7.1  In the space provided, please provide the total, combined square footage of all the facilities in your library system",Actual incidents
"11,434","11,434","23,830",0,"5,338","1,130","2,762","12,853",0,22,"3,534",
"13,821","13,821","30,815",0,0,0,"4,103",0,0,0,0,
"5,518","5,518","41,276","16,243","5,000","2,027","1,408","7,383",0,56,"1,394",
"154,654","83,286","6,234,295","3,030,670","423,564","470,617","38,400","173,309",7,"15,953","48,000",
"1,500","1,500","4,203",0,0,0,373,0,0,0,0,
"14,329","1,329","35,450","16,568","1,734","1,174",0,"5,939",0,0,500,
"15,665","13,936","319,397","232,531","38,588","2,831","4,218","58,656",0,56,"5,595",
"15,388","2,388","24,297","21,204",375,0,0,0,0,0,118,
"16,751","13,478","279,122","155,714","31,994","6,934","3,434","18,615",0,152,"16,712",
"5,105","5,105","89,684",0,0,0,"1,441",0,0,0,0,
"15,072","15,072","38,289",0,0,0,"3,338",0,0,0,0,
"2,817","2,817","59,257","41,033","9,097",0,507,"9,705",0,0,"2,322",
"14,263","13,439","607,451","317,286","61,200","7,679","4,244","55,975",0,503,"13,500",..
"14,263","13,439","607,451","317,286","61,200","7,679","4,244","55,975",0,503,"13,500",426
"14,263","13,439","607,451","317,286","61,200","7,679","4,244","55,975",0,503,"13,500",..
"8,593","7,218","175,256","84,797","16,918","2,308","1,857","15,662",0,103,"3,822",
"3,483","3,456","48,699","29,379","1,368","1,491",420,"11,610",0,31,"1,200",
"6,830","5,416","55,206","31,720","7,358","1,259","1,336","8,585",0,47,"3,458",
"14,002","1,002","313,700",0,"306,000",0,0,20,0,0,0,
"10,452","9,991","279,384","153,717","34,809","4,339","1,373","27,553",1,144,"5,151",..
"13,297","12,591","143,039","79,419","21,494","1,939","3,130","19,927",0,161,"4,422","2,055"
"13,873",873,"31,121","13,873","13,742",142,0,"1,136",1,3,0,
"45,422","44,138","3,690,355","2,094,339",0,"220,997","21,100","131,319",6,"2,688","44,000",
"3,264","3,264","3,264",0,0,0,0,0,0,0,0,
"1,694","1,694","1,694",0,0,0,277,0,0,0,0,
"8,867","8,514","191,559","146,916","11,365","2,272","1,944","17,034",0,78,"2,500",414
"271,808","107,501","8,461,466","4,023,541","984,387","598,764","54,661","166,516",13,"5,923","56,200","7,434"
"271,808","107,501","8,461,466","4,023,541","984,387","598,764","54,661","166,516",13,"5,923","56,200",..
"15,164","2,164","103,148","40,249","51,518",0,0,"7,402",0,1,0,
"9,425","9,425","134,997",0,0,0,"3,308",0,0,0,0,..
"84,357","80,567","2,539,674","1,638,524","158,735","118,172","22,744","78,544",6,"1,616","36,000","3,983"
"13,758",758,"13,107","12,764",0,0,0,"9,220",1,0,896,
"14,249","1,249","14,333","11,134",0,0,0,"1,496",0,0,340,
"3,137","2,508","25,548","11,132","3,145",871,605,"6,494",0,0,"1,000",
"17,998","4,998","97,923","54,950","17,710",611,0,"10,307",0,10,"3,600",
"7,995","7,637","89,979","50,194","13,585","1,109","1,476","130,166",0,0,"1,500",..
"15,748","11,578","144,047","102,458","13,281",424,"2,395","17,562",0,87,"5,544",
"4,478","4,478","89,870","61,113","2,490","1,592","1,105","10,465",0,21,"1,200",
"19,705","17,014","301,543","212,360","23,773","6,827","4,309","12,841",1,85,"3,700",
"31,808","31,808","1,022,113","531,503","78,282","39,036","9,067","36,056",3,786,"8,700",
"27,332","27,022","2,814,937","1,388,618","206,895","58,900","13,583","94,488",7,609,"40,000",
"358,829","341,185","17,074,862","8,628,561","2,425,316","1,091,908","180,189","382,148",28,"17,197","205,070",
"50,541","49,424","2,218,960","1,353,338","138,731","132,211","14,354","11,186",6,"1,203","20,500",..
"150,751","140,457","2,643,680","299,018","246,702","324,927","41,642","207,933",10,"5,199","68,000","7,696"
"29,639","16,256","639,529","317,122","100,000","44,677","5,099","27,153",0,459,"6,533",..
"29,639","16,256","639,529","317,122","100,000","44,677","5,099","27,153",0,459,"6,533",..
"1,834","1,834","2,680",0,0,0,0,"8,252",0,48,0,
"21,717","21,717","657,991","386,215","45,028","19,958","5,349","39,628",1,232,"11,421",
"44,624","42,091","923,935","576,224","51,662","37,891","10,820","31,471",1,525,"18,813","2,055"
"188,487","175,520","4,417,805","2,586,282","468,488","101,022","41,290","131,965",5,"2,105","52,919",
"3,826","3,826","49,855","24,413","9,957","1,452",844,"10,225",0,0,"2,750",
"4,584","4,584","6,584",0,0,0,"1,180",0,0,0,0,
"13,814","9,839","175,794","106,197","14,922","1,166","2,170","9,456",0,71,"1,800",
"229,403","214,045","10,414,323","7,536,666","847,206","574,537","72,923","294,872",14,"16,331","106,684",
"58,171","54,239","4,636,027","2,640,145","305,875","257,112","24,213","104,707",12,"1,574","39,207",
"8,103","6,297","260,924","175,988","16,708","1,671","1,799","8,311",0,128,"1,038",
"1,177","1,177","1,177",0,0,0,287,0,0,0,0,..
"161,464","150,915","7,552,794","4,368,505","559,676","297,493","49,160","143,211",15,"4,493","93,900",
"13,770","13,770","519,005","307,641","22,094","16,745","4,745","37,493",1,720,"7,500",..
"7,223","7,223","48,329",0,0,0,"2,283",0,0,0,0,
"3,258","3,058","21,940","12,098",0,"2,280",627,"5,401",0,14,750,414
881,881,"3,900",0,0,0,135,0,0,0,0,
"3,835","3,835","136,384","72,066","9,509","1,142","1,533",0,0,2,0,
"20,754","13,690","330,203","266,362","8,820","9,900","3,409","26,146",0,223,"5,000",
"8,433","5,733","85,355","64,482","2,911","1,421","1,629","16,140",0,100,"1,000",
"8,188","7,728","206,687","106,411","9,761","2,910","2,346","16,310",0,126,"3,210",..
761,761,"6,041",0,0,0,165,0,0,0,0,..
"15,263","15,263","242,662","120,770","13,196","6,719","4,078","15,189",0,135,"2,175",
"6,665","6,178","34,883","23,335","1,473","1,390","1,068","20,595",0,56,"2,900",
"1,828","1,828","5,318",0,0,0,363,0,0,0,0,
"1,446","1,446","1,446",0,0,0,285,0,0,0,0,..
"234,611","221,373","4,734,459","2,447,274","370,551","472,752","48,051","177,343",9,"4,490","68,557",..
"13,903",903,"65,106","30,000","19,000",0,0,"2,334",0,0,"1,324",
"15,611","2,611","25,477","17,143","1,564",663,0,"1,382",0,0,"1,500",
"14,719","1,719","119,396","61,439","5,898",0,0,"10,848",0,0,"3,270",178
"39,644","24,268","901,690","491,746","82,891","6,154","9,771","39,121",0,261,"10,816",..
"78,320","77,681","3,453,828","1,918,378","123,687","195,222","34,032","108,179",8,"3,163","48,704",
"25,803","22,199","834,449","490,027","13,427","10,000","6,243","67,965",1,67,"11,095",
"6,242","3,425","64,820","37,248","4,902",0,768,"10,740",0,2,0,
"31,000","27,939","1,202,003","867,000","106,377","17,619","8,958","51,680",2,773,"18,369","1,443"
"12,753","12,370","367,893","194,190","30,816","6,242","2,666","27,783",0,75,"4,000",..
"1,498","1,498","1,498",0,0,0,398,0,0,0,0,
"32,513","32,208","1,761,819","977,655","390,700","36,163","11,522","49,443",2,660,"20,000",..
"32,513","32,208","1,761,819","977,655","390,700","36,163","11,522","49,443",2,660,"20,000",47
"32,513","32,208","1,761,819","977,655","390,700","36,163","11,522","49,443",2,660,"20,000","1,236"
"1,225","1,225","1,225",0,0,0,0,0,0,0,0,
"92,828","85,571","2,335,449","1,027,536","354,372","86,917","22,007","120,773",5,"1,092","23,300","5,310"
"12,669","10,134","284,616","152,729","22,429","10,493","2,570","30,930",0,157,0,
"15,312","2,312","37,614","29,609",0,0,0,"4,785",0,0,0,
"1,644","1,644","6,550",0,0,0,306,0,0,0,0,..
"9,581","9,110","404,211","207,979","62,056","13,629","1,999","33,469",1,150,"11,000",108
"14,412","1,412","14,412","8,250","1,902",0,0,"4,195",0,8,400,
"3,496","3,496","157,422","75,116","15,766","2,988",716,"9,904",1,15,"4,144",..
"14,302","1,302","51,754","37,767","6,178",557,0,"3,278",1,0,0,
"1,013","1,013","18,440","12,119","1,279",0,174,"11,961",0,3,0,
"14,307","14,307","92,302","53,704","20,994",459,"3,619","12,189",0,103,"1,485",
"16,824","16,646","415,877","164,368","82,310","17,828","3,541","17,471",1,268,"6,100",955
"16,824","16,646","415,877","164,368","82,310","17,828","3,541","17,471",1,268,"6,100",186
"1,913","1,913","19,477","9,568","1,602",399,310,940,1,45,0,
"4,302","3,942","72,261","44,854","13,545","1,136",559,"14,475",0,26,"2,475",..
"8,531","8,099","156,049","109,902","7,811","1,523","2,157","11,242",0,66,"2,496",
"3,193","3,193","34,296",0,0,0,965,0,0,0,0,
"25,967","25,700","1,826,018","1,216,310","90,265","68,696","10,606","46,053",6,680,"15,000",
"6,017","6,017","17,573",0,0,0,"1,522",0,0,0,0,
"14,447","12,092","109,713","71,184","3,788","3,831","3,148","27,346",0,40,"3,691",
"116,739","102,352","2,951,522","1,515,037","470,225","166,980","19,499","198,728",5,"1,125","31,448","2,482"
"19,452","17,276","133,723","71,072","28,519","3,747","4,103","25,825",0,0,0,
"37,522","36,167","559,125","256,500","206,021","10,545","5,515","29,287",0,193,"10,059",..
"2,483","2,483","71,360","47,925","12,644",0,578,"10,529",0,59,0,..
"7,078","3,657","86,859","45,492","9,943","1,978",711,"20,552",0,98,"4,275",..
"30,865","11,410","341,485","199,827","19,979","8,325","2,440","35,761",1,99,"6,000",..
"25,297","25,297","843,404","484,345","50,228","23,608","6,954","36,573",1,219,"13,500",
"287,721","273,615","5,943,015","2,878,288","272,880","404,382","72,513","258,241",12,"7,696","72,036",
"1,117","1,117","7,805",0,0,0,211,0,0,0,0,..
"5,595","5,595","33,595",0,0,0,"1,465",0,0,0,0,414
"4,197","2,016","40,745","22,546",0,"3,289",387,"10,807",0,0,0,
"60,682","53,660","1,403,785","890,782","137,165","64,282","15,569","48,936",4,"1,085","22,000",
"19,137","18,122","602,157","311,174","98,880","12,733","3,835","40,689",1,280,"14,800",
"11,398","10,992","141,886","86,529",0,30,"2,662","7,470",0,81,"2,200",
"4,831","4,831","72,390","40,241","10,367","2,520","1,250","10,219",0,43,"1,453",
"13,700","10,485","233,997","112,356","27,241","3,288","2,546","10,429",1,141,"3,200",428
"13,700","10,485","233,997","112,356","27,241","3,288","2,546","10,429",1,141,"3,200",..
"15,741","2,741","15,741","15,741",0,0,0,"3,679",0,0,0,
"28,499","23,650","217,313","120,086","7,971",0,"5,736","12,259",1,108,"6,000",
"62,584","58,793","2,668,914","1,324,305","150,614","83,961","19,545","75,185",5,"1,102","31,500",
984,984,984,0,0,0,201,0,0,0,0,
"1,338","1,338","1,680",0,320,100,0,35,0,0,0,..
"8,312","5,497","46,529","24,847","11,299","1,382","1,244","14,812",0,58,"2,000",
"9,653","9,653","9,653",0,0,0,0,0,0,0,0,
"4,298","4,119","302,935","174,158","20,551","11,258","1,708","17,674",0,819,"4,300",
"35,777","33,542","803,098","404,883","50,310","23,341","8,563","46,098",3,566,"8,000",
"11,817","11,817","69,368","39,118","4,175","3,283","2,795","11,154",0,21,"1,457",
"403,238","319,510","8,812,609","3,902,701","798,955","388,032","75,776","254,356",10,0,0,"9,718"
"18,420","14,400","382,234","257,253","21,147","8,780","2,930","79,738",0,49,"9,940",
"21,517","21,462","504,679","352,598","29,911","8,966","5,502","38,502",3,341,"12,000",
"31,391","29,078","1,197,964","555,549","82,760","40,410","10,613","51,421",2,660,"16,000",
"167,774","156,852","9,984,741","4,997,776","1,164,135","301,212","57,297","266,481",18,"10,912","62,852","6,792"
"167,774","156,852","9,984,741","4,997,776","1,164,135","301,212","57,297","266,481",18,"10,912","62,852",..
"79,162","72,400","2,585,171","1,118,298","196,163","71,629","20,369","148,167",1,"1,676","45,950",
"120,353","109,996","1,168,857","615,522","31,046","49,977","21,113","45,367",3,638,"14,580",
428,428,428,0,0,0,0,0,0,0,0,
"67,050","61,333","4,530,594","2,789,822","402,386","267,231","22,049","103,156",10,"2,562","41,373",
"949,451","812,043","34,238,101","14,529,085","4,544,219","1,616,814","237,200","672,372",45,"37,342","379,574","28,403"
"949,451","812,043","34,238,101","14,529,085","4,544,219","1,616,814","237,200","672,372",45,"37,342","379,574",..
"19,180","19,180","330,236",0,0,0,"4,677",0,0,0,0,"1,443"
"14,313","13,489","632,946","330,282","118,641","7,669","3,642","27,761",1,172,"5,500",666
"1,243","1,243","5,616",0,0,0,209,0,0,0,0,
"17,281","15,552","227,063","115,685","57,158","2,943","1,820","11,509",0,210,"5,150",
"20,773","18,878","116,309","55,238","5,127","3,857","4,359","37,829",0,65,"3,200",
547,547,547,0,0,0,0,0,0,0,0,
"19,523","18,625","560,524","374,041","56,989","6,602","5,268","66,415",1,170,"8,440",743
"19,523","18,625","560,524","374,041","56,989","6,602","5,268","66,415",1,170,"8,440",..
"19,523","18,625","560,524","374,041","56,989","6,602","5,268","66,415",1,170,"8,440",120
"1,423","1,423","4,655",0,0,"1,805",350,"2,473",0,16,500,
"12,701","12,701","257,146","125,200","55,954","1,379","2,472","17,860",0,8,"4,800",..
"13,243",243,"18,150","13,000","3,000",0,0,"2,725",1,0,"1,216",
"2,894","2,108","34,302","18,177","8,714",873,525,"6,827",0,7,690,
"3,763","3,481","145,343","78,829",727,"7,769",514,"6,423",0,32,754,
"5,050","5,050","13,210",0,0,0,0,0,0,0,0,390
"5,050","5,050","13,210",0,0,0,0,0,0,0,0,..
"5,050","5,050","13,210",0,0,0,0,0,0,0,0,464
"40,938","37,463","885,289","690,889","9,070","45,535","10,958","44,308",3,639,"12,000",117
497,497,497,0,0,0,0,0,0,0,0,
"146,390","137,466","3,046,319","1,817,457","185,848","131,320","28,369","197,517",8,"2,017","46,613",..
"8,244","6,256","45,808","22,648","3,184",589,"1,253","6,471",0,5,"2,160",
"4,999","4,946","64,963","39,378","10,138","2,864",596,"13,103",0,17,"5,000",..
"45,921","44,692","4,427,007","2,926,850","278,312","113,554","16,579","62,927",8,"1,293","36,572",
"27,274","12,403","152,925","90,309","25,133",0,"2,362","23,161",0,41,"3,500",..
"13,842",842,"13,842","13,000",0,0,0,"5,065",0,0,0,
"1,396","1,396","26,592","20,095",0,"1,453",264,0,0,0,"2,600",
"1,503","1,503","1,503",0,0,0,298,0,0,0,0,
"2,405","2,405","2,405",0,0,0,531,0,0,0,0,
851,851,851,0,0,0,164,0,0,0,0,
"42,361","23,174","201,171","154,074",842,"1,589","4,076","29,087",0,100,"6,400",..
"178,733","166,205","1,853,601","1,066,073","50,000","96,000","39,934","92,641",1,"1,733","36,445",
"4,898","4,825","38,225","22,268",0,"2,992","1,302","8,179",0,8,0,
"35,583","33,944","693,063","397,493","71,642","13,128","7,544","49,733",0,470,"13,500",..
"35,583","33,944","693,063","397,493","71,642","13,128","7,544","49,733",0,470,"13,500","2,274"
"35,583","33,944","693,063","397,493","71,642","13,128","7,544","49,733",0,470,"13,500",227
911,911,"3,458",0,0,0,125,0,0,0,0,
"8,136","6,824","121,257","85,326","5,902","4,121","1,660","8,926",0,67,"2,425",350
"1,066","1,066","1,066",0,0,0,386,0,0,0,0,..
"29,146","27,080","2,053,080","1,070,568","54,172","82,355","9,510","36,406",5,529,"25,819",
"297,138","287,316","7,573,056","4,184,152","456,872","284,484","73,719","291,430",7,"5,639","127,387","8,729"
"297,138","287,316","7,573,056","4,184,152","456,872","284,484","73,719","291,430",7,"5,639","127,387",..
"27,922","25,433","338,525","218,339","48,458","2,720","4,685","35,712",0,48,"28,500",941
"27,922","25,433","338,525","218,339","48,458","2,720","4,685","35,712",0,48,"28,500",207
"306,980","286,755","12,318,054","7,069,060","859,892","849,403","98,820","587,032",18,"11,681","155,214",
"16,331","16,260","390,119","220,381","43,462","9,575","5,107","79,701",0,66,"6,894",
"1,887","1,887","6,315",0,0,0,400,0,0,0,0,
"1,390","1,390","1,390",0,0,0,0,0,0,0,0,..
"2,429","2,429","2,429",0,0,0,550,0,0,0,0,
"22,534","21,437","415,866","251,524","51,193",0,"4,937","20,532",0,146,"6,368",
"3,043","3,043","4,927",0,0,0,646,0,0,0,0,..
"283,948","265,865","7,447,774","5,028,214","251,109","564,498","59,777","165,516",13,"4,732","83,243",
"13,599","12,865","184,791","91,479","22,694","2,394","3,806","16,479",1,84,"2,575",
"1,491","1,491","1,491",0,0,0,0,0,0,0,0,
"4,444","2,704","68,583","43,828","8,156",761,466,"10,967",0,16,358,
"8,019","6,238","105,136","58,286","5,959","4,775","1,498","20,103",0,17,"3,012",108
"14,568","14,568","122,168",0,0,0,"4,002",0,0,0,0,
"28,493","26,068","464,503","261,204","22,112","11,674","5,950","15,786",1,164,"4,645",
"93,351","86,591","1,681,354","1,105,378","30,355","39,593","19,684","66,260",2,"1,286","18,013",
"2,331","2,331","5,331",0,0,0,427,0,0,0,0,
"40,880","27,394","1,180,229","762,370","6,116","26,417","9,305","58,877",2,"1,591","13,754",
274,274,274,0,0,0,0,0,0,0,0,
497,497,497,0,0,0,0,0,0,0,0,..
"598,829","580,209","21,665,713","11,346,496","3,233,594","1,150,835","176,859","582,923",57,"27,427","337,866","29,315"
"598,829","580,209","21,665,713","11,346,496","3,233,594","1,150,835","176,859","582,923",57,"27,427","337,866",..
"598,829","580,209","21,665,713","11,346,496","3,233,594","1,150,835","176,859","582,923",57,"27,427","337,866",..
"5,808","5,808","5,808",0,0,825,0,"9,300",0,35,0,
"16,087","3,087","21,440","16,442",0,0,0,"17,006",0,0,"1,290",
"3,581","3,581","3,581",0,0,0,829,0,0,0,0,
"19,729","12,459","199,920","134,570","14,700","4,741","3,205","22,718",1,64,"3,500",
"3,274","3,274","44,764",0,0,0,968,0,0,0,0,..
"13,288",288,"13,975","11,700",718,0,0,"1,190",0,0,480,
"10,323","8,611","94,463","74,906","9,863",0,"2,062","9,876",1,0,"1,628",
"7,094","6,715","142,192","88,655","1,300","1,941","1,214","16,715",0,16,"2,368",..
"22,536","8,606","235,697","110,470","7,879","3,975","1,669","13,108",1,45,"2,400",160
"228,778","208,662","13,817,418","6,871,705","1,363,647","1,459,162","101,401","632,676",32,"16,599","151,401",
"7,152","6,115","140,221","95,924","2,201","3,772","1,352","12,095",0,12,"2,010",
"10,621","10,144","98,448","66,718","7,227","3,042","2,700","13,522",0,107,"1,000",
"5,334","5,153","30,875","16,830","7,756","1,800","1,063","12,789",1,10,"1,935",..
403,403,503,0,0,0,104,0,0,0,0,..
"2,395","2,316","59,095","37,711","1,400",793,374,"13,226",0,7,"2,880",
"7,349","7,349","48,430",0,0,0,"2,800",0,0,0,0,
"2,699","2,611","7,219","3,861",0,183,294,0,0,0,0,
"6,421","5,976","61,987","36,608","7,500","1,816","1,537","9,454",0,27,"17,075",
"2,589","2,589","2,589",0,0,0,752,0,0,0,0,
"11,484","11,484","141,790",0,0,0,"3,222",0,0,0,0,..
"11,484","11,484","141,790",0,0,0,"3,222",0,0,0,0,426
"11,484","11,484","141,790",0,0,0,"3,222",0,0,0,0,..
"23,935","23,616","783,607","381,824","36,016","16,838","5,713","27,195",0,493,"9,996",..
"4,452","4,452","66,152",0,0,0,"1,173",0,0,0,0,
"5,096","4,865","150,518","77,303","28,465","2,602","1,391","23,035",1,126,"3,600",
"13,903",903,"41,179","17,000","16,869",0,0,"1,203",0,2,"3,000",
"134,047","125,674","4,903,557","2,318,312","745,091","236,467","28,126","131,964",9,"2,738","67,189",
"29,687","26,935","1,410,561","880,193","140,251","20,066","7,375","33,849",2,458,"22,700",
"55,704","52,429","5,181,443","2,802,050","333,953","326,188","36,555","127,920",12,"2,469",0,..
"715,203","693,781","27,408,366","21,447,686","1,422,980","1,866,053","251,900","749,566",39,"37,516","342,043",
"13,212",212,"23,675","11,500","9,000",0,0,"1,683",1,1,518,
"31,848","17,888","697,653","432,556","39,636","9,400","5,897","36,933",1,481,"12,530",..
"22,854","9,854","48,462","29,134","7,053",0,0,"9,589",0,0,"7,497",
"10,202","10,202","83,225",0,0,0,"3,376",0,0,0,0,
"6,775","6,775","22,890",0,0,0,"1,569",0,0,0,0,942
"5,058","4,877","126,208","87,017","1,665","2,417",768,0,0,10,"2,400",
"1,045","1,045","1,400",0,0,0,256,0,0,0,0,
"6,081","6,081","45,192",0,0,0,"1,729",0,0,0,0,
"49,085","43,848","531,179","268,365","84,314","6,050","10,140","26,899",0,281,"8,512",
"1,382","1,382","1,382",0,0,0,301,0,0,0,0,
"14,386","1,386","14,386","13,000",0,0,0,0,0,0,0,
"4,992","4,992","4,992",0,0,0,"1,166",0,0,0,0,
"51,841","33,834","1,873,486","1,286,142","71,798","57,002","13,191","85,906",3,418,"15,318",
"64,401","63,775","3,623,957","2,114,303","259,265","192,437","29,756","208,304",5,290,"35,000",
"157,058","130,258","4,837,991","3,526,575","379,684","254,977","37,030","111,903",9,"17,326","60,717",
"25,276","23,904","905,805","534,248","72,278","18,739","7,026","47,803",2,150,"10,000",
"13,285",285,"13,285","13,000",0,285,0,0,0,0,"1,400",
"4,831","4,831","119,170","51,738","7,123","2,980",804,"13,137",0,58,"2,048",172
"15,672","2,672","52,177","30,863",0,700,0,"2,922",1,3,0,
"111,220","104,583","3,344,972","1,434,133","271,668","144,454","30,213","108,923",3,"1,218","50,991",
"106,611","101,764","2,653,497","1,477,756","137,863","59,933","22,614","178,400",5,882,"35,000","5,100"
"106,611","101,764","2,653,497","1,477,756","137,863","59,933","22,614","178,400",5,882,"35,000",276
"27,444","18,348","597,360","370,762","63,233","13,450","7,077","38,282",1,517,"10,700",..
"17,300","16,502","285,126","178,477","32,638","7,080","3,949","14,208",0,157,"5,900",
"22,513","21,254","778,027","444,098","52,288","23,461","5,807","40,875",2,475,"11,130",
"2,007","2,007","2,007",0,0,0,367,0,0,0,0,
"10,720","7,544","146,250","79,645","13,282","1,528","2,313","11,311",1,63,"3,749",
"1,220","1,220","1,220",0,0,0,272,0,0,0,0,
"182,453","182,254","11,708,738","6,480,591","842,032","615,572","73,164","234,845",24,"6,163","100,935",
"13,849",849,"13,849",0,"13,849",0,0,"2,800",0,0,0,
"11,917","9,662","92,250","64,635",0,"1,776","2,396","13,138",0,132,"3,266",
"1,043","1,043","5,125","4,076",0,0,132,"9,975",0,0,0,
"30,708","29,397","1,869,344","1,130,782","80,146","52,709","11,065","77,267",3,295,"17,635",
"51,394","47,907","2,377,946","1,317,096","330,446","77,408","14,275","75,400",4,"1,482","47,000","2,841"
"51,394","47,907","2,377,946","1,317,096","330,446","77,408","14,275","75,400",4,"1,482","47,000",..
"29,702","29,702","269,046",0,0,0,"11,530",0,0,0,0,
"215,441","215,441","9,523,575","4,762,247","1,442,238","372,655","65,534","255,059",19,"3,478","95,085",
"19,268","13,574","227,156","166,248","6,060","10,421","2,591","35,811",0,301,"5,272",
"1,380,328","1,208,583","50,795,172","28,142,002","4,295,855","2,226,369","422,327","1,468,076",86,"55,781","424,164","39,412"
"1,380,328","1,208,583","50,795,172","28,142,002","4,295,855","2,226,369","422,327","1,468,076",86,"55,781","424,164",..
"1,380,328","1,208,583","50,795,172","28,142,002","4,295,855","2,226,369","422,327","1,468,076",86,"55,781","424,164",..
"1,380,328","1,208,583","50,795,172","28,142,002","4,295,855","2,226,369","422,327","1,468,076",86,"55,781","424,164",..
"1,380,328","1,208,583","50,795,172","28,142,002","4,295,855","2,226,369","422,327","1,468,076",86,"55,781","424,164",..
"75,980","72,589","1,889,344","1,005,379","120,654","30,758","18,917","88,528",3,"1,342","22,582","2,084"
"138,904","135,675","4,508,534","1,824,329","503,566","189,978","29,440","129,095",7,"3,449","45,884","3,133"
"138,904","135,675","4,508,534","1,824,329","503,566","189,978","29,440","129,095",7,"3,449","45,884",..
"1,878","1,878","1,878",0,0,0,545,0,0,0,0,..
"15,090","13,493","418,512","242,835","44,659","4,042","2,238","29,722",0,197,0,
"23,388","22,456","988,519","540,040","42,642","34,183","7,104","35,434",1,716,"13,300",
"47,439","26,479","598,777","325,398","59,140","18,154","6,543","44,678",1,377,"10,000",
"13,376","12,780","548,915","365,794","39,859","6,400","3,679","30,106",1,289,"12,340",
"7,033","6,639","95,353","62,223","12,119","1,396","1,726","11,056",0,21,"2,500",
"42,817","39,695","751,243","406,248","59,189","19,263","12,380","38,175",1,"1,045","9,500",
"19,614","19,614","321,633","146,888","22,616","5,682","4,080","16,656",0,139,"5,655",
"7,761","7,761","119,126",0,0,0,"1,602",0,0,0,0,
"45,008","22,892","642,265","401,423","55,321","13,189","7,034","44,363",1,194,"1,200",
"132,806","123,224","4,525,052","1,769,699","224,616","268,278","36,066","146,728",6,"6,158","33,412","5,847"
"1,993","1,993","9,760","1,500","4,325",0,0,"11,538",0,0,"1,000",
"106,425","97,833","5,345,918","2,942,078","252,029","361,382","31,707","137,647",10,"6,746","46,140",
"38,328","35,558","853,211","474,887","116,966","31,735","10,304","39,399",1,325,"23,116",
"31,827","29,452","815,250","444,233","93,738","11,836","7,305","37,219",2,388,"19,300",459
"22,101","14,500","237,364","130,795","20,512","4,672","3,471","12,091",0,107,"10,000",..
"9,701","9,701","166,591","115,639",876,"3,017","2,211","28,806",0,78,"6,000",..
"78,243","50,427","1,459,211","1,041,835","158,505","73,637","13,645","34,795",0,"1,092","11,475",..
"2,069","2,069","12,777","4,200",0,867,459,0,0,20,"1,652",
"85,021","64,569","1,682,138","828,802","183,548","65,000","17,830","83,561",3,"1,242","21,883",..
"2,305","2,305","102,580","42,541","22,070","13,059",455,"15,057",0,48,"1,770",..
"24,370","24,370","449,418","242,937","88,596","4,471","6,028","16,426",0,200,"2,209",
"22,772","9,878","157,982","100,232",0,"2,864","1,938","24,659",0,72,0,
"3,242","3,003","87,165","56,978","8,983","3,742",444,"8,357",0,31,"2,850",..
"16,720","16,720","559,139","367,995","33,593","12,584","3,979","21,960",1,258,"6,562",390
"16,720","16,720","559,139","367,995","33,593","12,584","3,979","21,960",1,258,"6,562",..
"16,720","16,720","559,139","367,995","33,593","12,584","3,979","21,960",1,258,"6,562",464
"2,698","2,698","4,403",0,0,0,0,0,0,0,0,
"122,199","118,499","9,760,981","4,259,906","865,563","418,783","67,627","320,478",26,"15,810","102,000",
"44,876","32,750","713,644","338,214","176,861","18,945","7,703","28,786",0,308,"8,629",
397,397,397,0,0,0,0,0,0,0,0,
289,289,289,0,0,0,0,0,0,0,0,
"15,726","15,272","816,538","463,604","65,955","19,012","6,476","41,584",2,336,"8,514",
"12,853","7,128","189,903","136,646","12,120","3,146","1,885","11,923",1,8,"6,000",
"16,073","3,073","65,492","50,870",0,398,0,"3,325",0,0,"1,500",
"15,051","2,051","55,180","13,000","6,000","2,000",0,"10,620",0,8,"3,000",
"368,069","160,595","3,131,860","1,802,135","504,819","43,021","34,676","192,167",4,"1,760","44,600","6,851"
"368,069","160,595","3,131,860","1,802,135","504,819","43,021","34,676","192,167",4,"1,760","44,600",308
"3,871","3,871","137,518","85,725","10,002","4,258",649,"11,134",0,11,"2,700",..
"59,757","32,565","835,154","538,468","67,365","10,804","8,778","39,306",2,793,"16,000",
"23,424","19,959","214,087","126,148",0,"2,396","5,050","36,678",0,157,0,
"13,969",969,"37,585","24,977","5,478",0,0,"8,777",0,0,0,
"37,113","34,932","805,458","317,577","77,844","21,606","8,709","43,765",1,545,"10,020",
"14,553","1,553","25,903","13,053","7,600",0,0,"4,527",0,0,0,
"25,342","25,342","154,235","88,968","15,480","23,354","7,334","16,811",1,143,208,
"6,283","6,069","397,905","221,096","40,665","12,667","2,904","32,997",1,305,"5,000",
"11,703","11,102","326,186","199,723","27,119","13,081","2,677","23,591",0,119,"3,500",32
"6,906","5,827","34,060","15,010",0,504,"1,302","10,302",0,17,0,
"41,947","28,947","206,872","142,463","10,481","10,576",0,"29,310",0,5,"1,200",
"20,921","19,321","998,956","267,242","37,244","11,378","4,391","34,017",1,248,"8,397",942
"6,464","5,621","69,791","36,200","14,098","1,000","1,235","19,114",0,36,"5,813",
"6,580","6,197","93,297","50,019","13,294","1,196","1,441","9,321",0,74,"1,800",
"11,537","11,360","317,052","145,620","19,110","5,918","2,710","14,244",1,38,"6,572",
"1,976","1,949","78,980","34,183","6,780",890,437,"4,703",0,10,"1,004",
"28,504","22,364","855,626","592,423","66,665","10,678","7,796","36,405",1,256,"10,480",
"240,883","228,616","5,690,915","3,177,662","485,601","445,661","59,879","200,512",15,"4,033",0,
"4,247","4,056","54,343","34,869",153,840,997,"10,022",0,9,"2,184",
"4,358","4,358","32,820","19,630","3,538",949,966,"7,830",0,70,"2,000",
"10,830","10,110","623,253","349,339","45,000","7,584","3,233","27,947",1,463,"4,300",
"58,990","54,533","2,423,752","1,639,955","50,620","29,860","17,706","64,605",3,"2,059","27,000","2,482"
"8,810","8,523","186,362","121,771","18,604","1,609","2,119","22,271",0,112,"7,000",
"131,761","127,082","2,736,631","1,257,242","339,522","101,421","24,014","89,628",3,"1,068","25,143","5,310"
"51,402","50,798","3,148,506","1,886,827","92,368","94,861","14,862","70,657",10,"1,984","17,202","2,613"
"12,128","6,528","90,683","56,145","16,224","1,929","1,419","10,047",0,46,956,
"1,901","1,901","1,901",0,0,0,358,0,0,0,0,
"33,932","22,190","454,028","265,153","59,709","2,000","5,430","32,297",0,684,"7,782",
"1,611","1,611","7,176","7,176",0,0,333,"14,000",0,0,0,
"8,636","6,672","87,819","55,585","17,000",0,"1,346","8,806",1,5,"2,200",..
"13,760",760,"27,474","19,204","1,887",7,0,"4,344",0,1,690,
"23,259","22,428","583,460","301,828","49,236","11,436","4,380","30,779",1,243,"6,836",
"5,499","5,093","225,965","129,562","28,928","2,879",893,"13,564",0,25,"7,000",..
"21,060","21,060","1,336,400","671,290","291,813","14,954","7,962","26,146",3,634,"16,500",
"2,954","2,954","56,688","16,038","10,272",840,625,0,1,0,0,..
"13,705",705,"29,754","21,401",0,0,0,"1,816",0,0,878,..
248,248,248,0,0,0,49,0,0,0,0,
"32,428","29,684","672,223","392,958","67,890","9,421","8,498","80,778",2,193,"10,700",
"227,583","220,732","6,723,104","3,863,001","526,725","264,600","50,388","149,485",7,"2,362","53,500","8,117"
"227,583","220,732","6,723,104","3,863,001","526,725","264,600","50,388","149,485",7,"2,362","53,500",253
"227,583","220,732","6,723,104","3,863,001","526,725","264,600","50,388","149,485",7,"2,362","53,500",..
"91,807","90,405","1,907,551","946,065","275,720","36,950","19,695","127,601",2,582,"28,100","4,741"
"37,807","37,807","182,542",0,0,0,"9,712",0,0,0,0,
"5,573,927","5,505,920","211,435,269","133,180,748","22,904,129","11,886,113","1,222,235","9,135,960",447,"222,159","1,883,890","116,414"
"33,099","30,917","623,151","407,508","55,784","11,417","6,883","45,566",1,322,"12,103",..
"29,073","24,237","267,602","148,363","22,038","6,068","5,643","21,048",1,185,"1,915",
"3,305","3,305","10,430","6,814","2,500",10,321,"6,184",0,2,642,
"12,676","12,531","195,913","113,601","9,324","2,300","3,203","16,896",0,62,"5,000",
"4,904","4,904","104,663","81,963","3,000","1,397","1,631","24,505",0,30,"1,500",
"24,176","23,929","769,833","363,685","221,021","13,834","8,092","51,390",0,371,"9,875",
"2,811","2,695","45,168","24,859",600,0,330,"7,716",0,0,0,
"143,234","141,898","19,325,640","10,586,196","603,410","603,230","100,631","430,447",36,"5,770","177,403",
"13,196",196,"14,194","13,000",0,196,0,"7,280",1,6,0,..
"14,956","13,541","426,605","268,691","25,437","12,000","3,228","16,627",0,"2,205","4,280",
"30,181","29,034","901,560","561,733","37,720","14,985","13,358","29,729",1,452,"4,500",
"127,888","127,888","6,588,836","4,262,261","350,184","131,654","45,570","320,162",7,"6,538","60,120",
"99,729","93,574","2,904,805","1,844,740","321,453","118,113","25,370","133,507",6,"2,822","26,037",
"9,645","8,870","208,896","119,725","20,275","4,034","1,279","9,109",0,22,"1,780",
"145,878","83,969","2,145,069","1,165,956","185,945","73,460","23,323","139,613",3,"7,738","40,413",
"141,275","141,275","7,606,783","3,732,177","1,140,848","239,771","34,930","241,958",10,"3,703","98,045",..
"24,190","22,978","419,618","247,657","32,910","6,712","5,852","21,347",0,231,"5,100",
"22,920","17,990","751,017","414,908","91,035","12,898","5,448","37,114",1,243,"21,073",
"52,998","32,986","474,312","275,131","45,061","5,034","7,908","44,864",0,142,"15,674",..
"20,327","16,358","306,051","182,432","24,075","8,100","3,616","13,364",1,253,"10,900",
"1,714","1,714","44,693","26,994","10,118",740,386,"13,348",0,19,"1,728",
"99,982","93,643","5,843,582","3,091,552","559,165","692,798","44,770","205,634",9,"12,135","68,000",
"51,588","28,503","2,561,426","994,189","425,990","111,323","16,561","83,084",5,"6,402","32,000",
"3,102","2,266","48,418","31,146","2,186","5,406",411,"12,837",0,51,"1,636",
"14,362","1,362","39,567","29,754",0,0,0,0,0,0,745,
"5,675","4,696","98,071","73,580","5,346","2,701","1,924","7,064",0,34,"2,500",
"15,795","13,517","105,087","60,612","6,072","2,467","3,549","32,733",0,71,"2,838",
"361,881","354,715","8,076,078","4,593,467","712,189","579,995","99,325","258,090",20,"9,724","103,887","16,465"
"3,273","3,220","54,390","42,738","2,417",771,791,"6,272",0,20,768,
"60,168","54,860","2,612,512","1,710,295","69,078","101,592","18,347","77,445",8,"5,489","24,200","3,133"
"60,168","54,860","2,612,512","1,710,295","69,078","101,592","18,347","77,445",8,"5,489","24,200",..
